"G_Accuracy","G_Precision","G_Recall","G_F1","Accuracy","Precision","Recall","F1"
0.600940911134574,0.999971111833315,0.199966682817004,0.333489261217679,0.415063972882331,0.263214029173234,0.199965299392655,0.195809499100813
