"Class","G_Accuracy","G_Precision","G_Recall","G_F1","Accuracy","Precision","Recall","F1"
"Clinical History (CH)",0.5,NA,0,NA,0.410913370405972,0,0,NA
"Disparity Indicators (DI)",0.991587417702999,0.999781258202817,0.991733026666956,0.995740879927671,0.410913370405972,0.41272220065543,0.991734820053366,0.582874337005304
"Preventive Behaviors (PB)",0.505211657094235,0.857142857142857,0.000286546635464922,0.000572901747350329,0.410913370405972,0.162790697674419,0.00032747005988024,0.000653625285961063
"Risk Indicator (RI)",0.5,NA,0,NA,0.410913370405972,NA,0,NA
"Risk Perception (RP)",0.500300067073816,1,0.00119954840530624,0.00239622242582282,0.410913370405972,0.0408653846153846,0.00119954840530624,0.00233068275294763
