"G_Accuracy","G_Precision","G_Recall","G_F1","Accuracy","Precision","Recall","F1"
0.600916406095615,0.999985519837822,0.199969940028668,0.333410428929075,0.414859397947507,0.170403350337377,0.199969381437281,0.195629129463377
