"Class","G_Accuracy","G_Precision","G_Recall","G_F1","Accuracy","Precision","Recall","F1"
"Clinical History (CH)",0.500015392666934,1,6.156877231868e-05,0.000123129963676661,0.415063972882331,0.333333333333333,6.156877231868e-05,0.000123114804555248
"Disparity Indicators (DI)",0.999350747722207,0.999913335499946,0.99943694913052,0.999675085560802,0.415063972882331,0.415174957272645,0.999436997899569,0.586650227834586
"Preventive Behaviors (PB)",0.505338415283729,1,0.000334896182183523,0.000669568128557081,0.415063972882331,0.304347826086957,0.000327930291389488,0.0006551546632973
"Risk Indicator (RI)",0.5,NA,0,NA,0.415063972882331,0,0,NA
"Risk Perception (RP)",0.5,NA,0,NA,0.415063972882331,NA,0,NA
