"Class","G_Accuracy","G_Precision","G_Recall","G_F1","Accuracy","Precision","Recall","F1"
"Clinical History (CH)",0.5,NA,0,NA,0.188793933558016,NA,0,NA
"Disparity Indicators (DI)",0.500598952094249,1,0.00218531468531469,0.00436109899694723,0.188793933558016,0.704697986577181,0.0021848599608806,0.00435621382786732
"Preventive Behaviors (PB)",0.9748982671117,0.975680131904369,0.999155761924863,0.987278415015641,0.188793933558016,0.18817871548247,0.999130554157324,0.316707885785569
"Risk Indicator (RI)",0.5,NA,0,NA,0.188793933558016,NA,0,NA
"Risk Perception (RP)",0.500335390394419,1,0.00134066228716986,0.00267773463649752,0.188793933558016,0.148148148148148,0.00134066228716986,0.00265727761907925
