"Class","G_Accuracy","G_Precision","G_Recall","G_F1","Accuracy","Precision","Recall","F1"
"Clinical History (CH)",0.500030545543405,1,0.000122174709835064,0.000244319569997557,0.414404159010442,0.2,0.000122174709835064,0.000244200244200244
"Disparity Indicators (DI)",0.999545995027565,0.99982694845227,0.999718821646407,0.999772882125823,0.414404159010442,0.414438886199415,0.999718870291077,0.585963444621898
"Preventive Behaviors (PB)",0.505332955778942,1,9.53970903887431e-05,0.000190775981303954,0.414404159010442,0.222222222222222,9.33924819052066e-05,0.000186706497386109
"Risk Indicator (RI)",0.5,NA,0,NA,0.414404159010442,NA,0,NA
"Risk Perception (RP)",0.5,NA,0,NA,0.414404159010442,NA,0,NA
