"Class","G_Accuracy","G_Precision","G_Recall","G_F1","Accuracy","Precision","Recall","F1"
"Clinical History (CH)",0.5,NA,0,NA,0.414859397947507,0,0,NA
"Disparity Indicators (DI)",0.999587619915788,0.999956559513467,0.999630876126371,0.99979369129703,0.414859397947507,0.414946734682842,0.999630892155373,0.586455726031934
"Preventive Behaviors (PB)",0.504975595886841,1,0.000143568147013783,0.000287095076319441,0.414859397947507,0.2,0.0001407591610754,0.000281320330082521
"Risk Indicator (RI)",0.500018814675447,1,7.52558699578567e-05,0.000150500413876138,0.414859397947507,0.0666666666666667,7.52558699578567e-05,0.000150342028113959
"Risk Perception (RP)",0.5,NA,0,NA,0.414859397947507,NA,0,NA
