"G_Accuracy","G_Precision","G_Recall","G_F1","Accuracy","Precision","Recall","F1"
0.595166521920074,0.991893377301456,0.200536347779469,0.331439082883029,0.188793933558016,0.3470082834026,0.200531215281075,0.107907125744172
