"Class","G_Accuracy","G_Precision","G_Recall","G_F1","Accuracy","Precision","Recall","F1"
"Clinical History (CH)",0.513726727674345,NA,0,NA,0.412696982529485,NA,0,NA
"Disparity Indicators (DI)",0.953328415205693,0.953584095984586,0.999288746128255,0.975901589755655,0.412696982529485,0.414201505395847,0.991684217382808,0.584339237623699
"Preventive Behaviors (PB)",0.518627570264022,NA,0,NA,0.412696982529485,0,0,NA
"Risk Indicator (RI)",0.513585591156804,NA,0,NA,0.412696982529485,NA,0,NA
"Risk Perception (RP)",0.513007322368179,0.176923076923077,0.00174891643221048,0.0034635946088397,0.412696982529485,0.18361581920904,0.00925332763897786,0.0176187571999729
