"Class","G_Accuracy","G_Precision","G_Recall","G_F1","Accuracy","Precision","Recall","F1"
"Clinical History (CH)",0.513729797583556,NA,0,NA,0.410415452875006,NA,0,NA
"Disparity Indicators (DI)",0.952473368697977,0.954631048828553,0.996981477246741,0.975346756152125,0.410415452875006,0.412686938056296,0.987630292807405,0.582128267062655
"Preventive Behaviors (PB)",0.518944995272842,0,0,0,0.410415452875006,0.0349344978165939,0.000373569927620827,0.000739234891886897
"Risk Indicator (RI)",0.513449976876831,NA,0,NA,0.410415452875006,NA,0,NA
"Risk Perception (RP)",0.512947158162339,0.172727272727273,0.00142439463228128,0.00282548888393189,0.410415452875006,0.163934426229508,0.00773830460780865,0.0147789869676206
