"Class","G_Accuracy","G_Precision","G_Recall","G_F1","Accuracy","Precision","Recall","F1"
"Clinical History (CH)",0.515226494099734,NA,0,NA,0.411494438899828,NA,0,NA
"Disparity Indicators (DI)",0.954048092725543,0.954893468084176,0.998558847077662,0.976238133044091,0.411494438899828,0.41366392181703,0.989887616119183,0.583492351188007
"Preventive Behaviors (PB)",0.518975954875884,NA,0,NA,0.411494438899828,NA,0,NA
"Risk Indicator (RI)",0.513846976584285,NA,0,NA,0.411494438899828,NA,0,NA
"Risk Perception (RP)",0.514745506219319,0,0,0,0.411494438899828,0.073342736248237,0.00371481640234319,0.00707146256884477
