"Class","G_Accuracy","G_Precision","G_Recall","G_F1","Accuracy","Precision","Recall","F1"
"Clinical History (CH)",0.514496873223422,NA,0,NA,0.408847124774285,NA,0,NA
"Disparity Indicators (DI)",0.95389242286555,0.955817378497791,0.997225025227043,0.976082247438185,0.408847124774285,0.411984713468087,0.986897195045231,0.581302189482561
"Preventive Behaviors (PB)",0.51853289346012,NA,0,NA,0.408847124774285,0,0,NA
"Risk Indicator (RI)",0.513807274263548,NA,0,NA,0.408847124774285,NA,0,NA
"Risk Perception (RP)",0.516097276406461,0,0,0,0.408847124774285,0.0265210608424337,0.00119954840530624,0.00229528117194356
