"Class","G_Accuracy","G_Precision","G_Recall","G_F1","Accuracy","Precision","Recall","F1"
"Clinical History (CH)",0.639684900124593,0.938962086582415,0.450726040658277,0.609078620328784,0.668327880607718,1,0.454367745876604,0.624831989247312
"Disparity Indicators (DI)",0.945677090091259,0.945677090091259,1,0.972080202729738,0.668327880607718,0.555492822391735,1,0.714233861314263
"Preventive Behaviors (PB)",0.650369473818321,0.90821122477191,0.496823956442831,0.642291524098152,0.668327880607718,1,0.506700910576699,0.672596541250852
"Risk Indicator (RI)",0.610120436933993,0.947060054404687,0.35849504950495,0.520110319466789,0.668327880607718,1,0.358702994820986,0.528007954922108
"Risk Perception (RP)",0.607474578509486,0.920982482863671,0.362620886123398,0.520359313646388,0.668327880607718,1,0.369468870911009,0.539579801715724
