"Class","G_Accuracy","G_Precision","G_Recall","G_F1","Accuracy","Precision","Recall","F1"
"Clinical History (CH)",0.51231746031746,0.1875,0.00157047506870828,0.00311486048020766,0.533649826018936,1,0.00788080285679103,0.0156383628588882
"Disparity Indicators (DI)",0.946601416166822,0.946601416166822,1,0.972568301147993,0.533649826018936,0.471003998041775,1,0.640384388715168
"Preventive Behaviors (PB)",0.65190986095573,0.911919977771603,0.49764973464746,0.643908181283108,0.533649826018936,1,0.505809050876042,0.671810347509567
"Risk Indicator (RI)",0.509664603865842,0.00900900900900901,7.85731122809775e-05,0.000155787505842031,0.533649826018936,1,0.00825156110615522,0.0163680601636806
"Risk Perception (RP)",0.548269146695282,0.904918032786885,0.147537227949599,0.25370978332239,0.533649826018936,1,0.152521788826975,0.264674889977066
