"Class","G_Accuracy","G_Precision","G_Recall","G_F1","Accuracy","Precision","Recall","F1"
"Clinical History (CH)",0.514496873223422,NA,0,NA,0.414120542973417,NA,0,NA
"Disparity Indicators (DI)",0.945918389483047,0.945918389483047,1,0.972207667696012,0.414120542973417,0.414120542973417,1,0.585693412108506
"Preventive Behaviors (PB)",0.51853289346012,NA,0,NA,0.414120542973417,NA,0,NA
"Risk Indicator (RI)",0.513807274263548,NA,0,NA,0.414120542973417,NA,0,NA
"Risk Perception (RP)",0.51671710358406,NA,0,NA,0.414120542973417,NA,0,NA
