"Class","G_Accuracy","G_Precision","G_Recall","G_F1","Accuracy","Precision","Recall","F1"
"Clinical History (CH)",0.963791580806594,1,0.962431276725718,0.980856031128405,0.963124635862502,1,0.962431276725718,0.980856031128405
"Disparity Indicators (DI)",0.999092402109085,0.999826869806094,0.999264610459835,0.999545661063153,0.963124635862502,0.918867324212536,0.999264737684356,0.957381125038848
"Preventive Behaviors (PB)",0.891315240083507,0.996323926911017,0.879084187932268,0.934039480019259,0.963124635862502,1,0.863787065141256,0.926916042392203
"Risk Indicator (RI)",0.976974407860966,1,0.976431734594311,0.988075345587118,0.963124635862502,0.997393237752051,0.976431734594311,0.986801183342183
"Risk Perception (RP)",0.983805107619904,1,0.98353851565248,0.991700950489431,0.963124635862502,1,0.98353851565248,0.991700950489431
