"Class","G_Accuracy","G_Precision","G_Recall","G_F1","Accuracy","Precision","Recall","F1"
"Clinical History (CH)",0.980132450331126,1,0.97972972972973,0.989761092150171,0.991791831475758,0.964912280701754,0.97972972972973,0.97226455348979
"Disparity Indicators (DI)",0.988474416208791,0.999956065199244,0.988383454565194,0.994136082204047,0.991791831475758,0.992781279305607,0.988383959007317,0.990577739092591
"Preventive Behaviors (PB)",0.978322955194532,0.980392156862745,0.997798621745789,0.989018807959585,0.991791831475758,1,0.997841692863511,0.998919680601221
"Risk Indicator (RI)",1,1,1,1,0.991791831475758,1,1,1
"Risk Perception (RP)",1,1,1,1,0.991791831475758,1,1,1
