"Class","G_Accuracy","G_Precision","G_Recall","G_F1","Accuracy","Precision","Recall","F1"
"Clinical History (CH)",0.649581509636796,1,0.460547313671021,0.630650317672292,0.681400027512209,1,0.460547313671021,0.630650317672292
"Disparity Indicators (DI)",0.999687909618626,0.999791896447672,0.999895937395937,0.999843914215253,0.681400027512209,0.566075299217793,0.999895959049482,0.722895010004062
"Preventive Behaviors (PB)",0.656879659868137,0.952702702702703,0.50260306739834,0.658049065061869,0.681400027512209,0.980645161290323,0.514711938864229,0.67508927767608
"Risk Indicator (RI)",0.625924015815713,1,0.402361988464707,0.573834704269487,0.681400027512209,1,0.402361988464707,0.573834704269487
"Risk Perception (RP)",0.63389139117872,1,0.422442686687224,0.593967954759661,0.681400027512209,1,0.422442686687224,0.593967954759661
