"Class","G_Accuracy","G_Precision","G_Recall","G_F1","Accuracy","Precision","Recall","F1"
"Clinical History (CH)",0.951240875912409,1,0.948741559238797,0.973696645140967,0.907890363210047,1,0.948741559238797,0.973696645140967
"Disparity Indicators (DI)",0.842202404882862,0.999733134073442,0.812853950137783,0.896659845139363,0.907890363210047,0.999679863408388,0.812894548452177,0.896663117215635
"Preventive Behaviors (PB)",0.979556511976048,0.979556511976048,1,0.989672692898499,0.907890363210047,0.676455696202532,1,0.80700694654183
"Risk Indicator (RI)",1,1,1,1,0.907890363210047,0.99873086972751,1,0.999365031935159
"Risk Perception (RP)",0.947009689274975,1,0.944044594976009,0.971217015716308,0.907890363210047,1,0.944044594976009,0.971217015716308
