"G_Accuracy","G_Precision","G_Recall","G_F1","Accuracy","Precision","Recall","F1"
0.619487599860651,0.93432010612813,0.281707009292188,0.766186403311588,0.362619045473794,0.615763573554653,0.28221551555681,0.479321777090068
